page,h,temp,freq/min
7,397507.608,13.6731899213,6
10,397507.708,15.1486337674,5
16,397507.925,18.9635744995,5
21,397508.092,20.70199374,6
47,397508.942,24.7168495962,5
62,397509.458,26.2365899931,6
92,397510.458,29.0389402841,7
136,397511.925,28.7843299792,8
483,397523.508,33.5640068095,14
