page,h,temp,freq/min
5,397602.308,7.6182630129,7
63,397604.242,17.4478751364,5
82,397604.875,19.0790359414,6
94,397605.292,20.2471023665,6
119,397606.108,21.770887211,7
146,397607.008,22.4775399471,6
180,397608.158,27.9807758149,7
219,397609.458,30.6805606581,6
254,397610.608,32.118216576,8
317,397612.708,32.6698537537,10
364,397614.275,32.9591905897,21
502,397618.875,32.0015287011,19
