page,h,temp,freq/min
5,397507.542,15.0696742168,7
7,397507.608,13.6731899213,6
15,397507.875,18.2385191387,6
34,397508.508,23.6208998577,6
47,397508.942,24.7168495962,8
100,397510.708,25.6024703811,14
123,397511.475,27.6098323625,22
138,397511.975,28.9007453683,24
196,397513.908,32.0075367652,24
323,397518.208,33.4590685274,21
535,397525.208,34.2001525618,23
